{"cameraMode":{"drawMode":0,"name":"Shaded","section":"Shading Mode"},"sceneLighting":true,"audioPlay":false,"sceneViewState":{"m_AlwaysRefresh":false,"showFog":true,"showSkybox":true,"showFlares":true,"showImageEffects":true,"showParticleSystems":true,"showVisualEffectGraphs":true,"m_FxEnabled":true},"in2DMode":false,"pivot":{"x":1208.5509033203125,"y":949.863525390625,"z":4.060256481170654},"rotation":{"x":0.002059478312730789,"y":-0.9977809190750122,"z":0.036744844168424609,"w":0.056225620210170749},"size":182.00274658203126,"orthographic":false}