{"cameraMode":{"drawMode":0,"name":"Shaded","section":"Shading Mode"},"sceneLighting":true,"audioPlay":false,"sceneViewState":{"m_AlwaysRefresh":false,"showFog":true,"showSkybox":true,"showFlares":true,"showImageEffects":true,"showParticleSystems":true,"showVisualEffectGraphs":true,"m_FxEnabled":true},"in2DMode":false,"pivot":{"x":-0.9456047415733337,"y":1.8607902526855469,"z":-0.35128509998321535},"rotation":{"x":0.007241379003971815,"y":-0.9897458553314209,"z":0.13222642242908479,"w":0.05428469181060791},"size":1.8832340240478516,"orthographic":false}